{"1":{"a":1,"q":"In which sector of activity is your company active? (linked with your APE code)","c":[{"i":1,"t":"Industry","n":2},{"i":2,"t":"Business","n":2},{"i":3,"t":"Information and communication","n":2},{"i":4,"t":"Other services activity","n":2},{"i":5,"t":"All other activities (financial, agricultural activities ...)","n":2},{"i":6,"t":"Construction","n":2},{"i":7,"t":"Public sector","n":2},{"i":8,"t":"Specialized, Scientific and Technical or Administrative and Support Services Activities","n":2},{"i":9,"t":"Real estate","n":2}]},"2":{"a":1,"q":"What is the number of employees in your company on 18/12/31 ?","c":[{"i":1,"t":"0","n":3},{"i":2,"t":"1 to 2","n":3},{"i":3,"t":"3 to 9","n":3},{"i":4,"t":"10 to 49","n":3},{"i":5,"t":"50 to 249","n":3},{"i":6,"t":"250 to 4999","n":3},{"i":7,"t":"More than 5000","n":3}]},"3":{"a":1,"q":"What is the turnover of your company in the last fiscal year? (or annual budget for Public sector)","c":[{"i":1,"t":"0 to 100K €","n":4},{"i":2,"t":"100K to 500K €","n":4},{"i":3,"t":"500K to 2M €","n":4},{"i":4,"t":"2M to 10M€","n":4},{"i":5,"t":"10M to 50M €","n":4},{"i":6,"t":"More than 50M €","n":4}]},"4":{"a":1,"q":"Do you develop digital services for internal or external use (sales to customers)?","c":[{"i":1,"t":"Yes","n":5},{"i":2,"t":"No","n":12}]},"5":{"a":2,"n":6,"q":"What is the number of users of your digital services?"},"6":{"a":1,"q":"Ecoconception good practices:\\n Do you apply the rules and best practices for digital accessibility?","c":[{"i":1,"t":"Yes","n":7},{"i":2,"t":"No","n":7},{"i":3,"t":"I don't know","n":7}]},"7":{"a":1,"q":"Ecoconception good practices:\\nHave you optimized the states and printouts in your application tools (reduced number of pages when printing, ink consumption ...)","c":[{"i":1,"t":"Yes","n":8},{"i":2,"t":"No","n":8},{"i":3,"t":"I don't know","n":8}]},"8":{"a":1,"q":"Ecoconception good practices:\\nDo you integrate the principles of the ecodesign of digital services?","c":[{"i":1,"t":"Yes","n":9},{"i":2,"t":"No","n":9},{"i":3,"t":"I don't know","n":9}]},"9":{"a":1,"q":"Ecoconception good practices:\\nDo you use a modular application architecture?","c":[{"i":1,"t":"Yes","n":10},{"i":2,"t":"No","n":10},{"i":3,"t":"I don't know","n":10}]},"10":{"a":1,"q":"Ecoconception good practices:\\nDo you do a design review at the end of your application's development?","c":[{"i":1,"t":"Yes","n":11},{"i":2,"t":"No","n":11},{"i":3,"t":"I don't know","n":11}]},"11":{"a":3,"n":12,"q":"What is the overall storage volume of your corporate data (centralized on external hard drives, centralized server, NAS, SAN ...) in Terabytes (TB) useful?","c":[{"i":1,"t":"In TB:","f":true},{"i":2,"t":"I don't know","f":false},{"i":3,"t":"I do not want to answer","f":false}]},"12":{"a":1,"q":"Do you have a server or do you only work with one or more workstations?","c":[{"i":1,"t":"We work with workstation (s), without centralized physical server","n":51},{"i":2,"t":"We have (at least) a centralized physical server","n":13}]},"13":{"a":1,"q":"Do you have a dedicated room, simple room or cupboard with bay dedicated to your IT infrastructure?","c":[{"i":1,"t":"A closet or a room without any specific system","n":32},{"i":2,"t":"A dedicated room","n":14}]},"14":{"a":1,"q":"Is your computer room in house or at a host?","c":[{"i":1,"t":"Internal","n":15},{"i":2,"t":"Host Member of the European Code of Conduct for Datacenters","n":15},{"i":3,"t":"Non-adhering Host of the European Code of Conduct for Data Centers","n":15}]},"15":{"a":3,"n":16,"q":"What is the total area of your computer rooms (excluding technical infrastructure)? ","c":[{"i":1,"t":"In m²:","f":true},{"i":2,"t":"I don't know","f":false},{"i":3,"t":"I do not want to answer","f":false}]},"16":{"a":1,"q":"Do you know the Power Usage Effectiveness of your Data Center?","c":[{"i":1,"t":"Less than 1,6","n":17},{"i":2,"t":"Between 1,6 and 2,1","n":17},{"i":3,"t":"More than 2,1 ","n":17},{"i":4,"t":"I don't know","n":17}]},"17":{"a":1,"q":"What is the rate of charge or energy use of your computer rooms?\\nRate = Electrical power absorbed by your IT equipment, divided by room capacity in kW, then multiplied by 100 (used energy / available energy)","c":[{"i":1,"t":"100% - 90% ","n":19},{"i":2,"t":"90% - 60%","n":19},{"i":3,"t":"Less than 60%","n":19},{"i":4,"t":"I don't know","n":19}]},"19":{"a":1,"q":"Have you led or are you planning actions to optimize your infrastructure? Especially :\\nThe purchase of non-IT equipment from IT rooms (air conditioning, air treatment, inverters, etc.) according to energy efficiency criteria","c":[{"i":1,"t":"Yes","n":20},{"i":2,"t":"No","n":20},{"i":3,"t":"I don't know","n":20}]},"20":{"a":1,"q":"Have you led or are you planning actions to optimize your infrastructure? Especially :\\nImplementing the good practices of the \\"European Code of Conduct for DataCenter\\"?","c":[{"i":1,"t":"Yes","n":21},{"i":2,"t":"No","n":21},{"i":3,"t":"I don't know","n":21}]},"21":{"a":1,"q":"Have you led or are you planning actions to optimize your infrastructure? Especially :\\nData center PUE tracking","c":[{"i":1,"t":"Yes","n":22},{"i":2,"t":"No","n":22},{"i":3,"t":"I don't know","n":22}]},"22":{"a":1,"q":"Have you led or are you planning actions to optimize your infrastructure? Especially :\\nRegular monitoring of environmental indicators of computer rooms","c":[{"i":1,"t":"Yes","n":23},{"i":2,"t":"No","n":23},{"i":3,"t":"I don't know","n":23}]},"23":{"a":1,"q":"Have you led or are you planning actions to optimize your infrastructure? Especially :\\nEnvironmental impact analysis of the datacenter in life cycle approach","c":[{"i":1,"t":"Yes","n":24},{"i":2,"t":"No","n":24},{"i":3,"t":"I don't know","n":24}]},"24":{"a":1,"q":"Have you led or are you planning actions to optimize your infrastructure? Especially :\\nOptimizing the architecture and layout of room","c":[{"i":1,"t":"Yes","n":25},{"i":2,"t":"No","n":25},{"i":3,"t":"I don't know","n":25}]},"25":{"a":1,"q":"Have you led or are you planning actions to optimize your infrastructure? Especially :\\nThe urbanization of halls in hot / cold aisles","c":[{"i":1,"t":"Yes","n":26},{"i":2,"t":"No","n":26},{"i":3,"t":"I don't know","n":26}]},"26":{"a":1,"q":"Have you led or are you planning actions to optimize your infrastructure? Especially :\\nContainment of air flows (corridors)","c":[{"i":1,"t":"Yes","n":27},{"i":2,"t":"No","n":27},{"i":3,"t":"I don't know","n":27}]},"27":{"a":1,"q":"Have you led or are you planning actions to optimize your infrastructure? Especially :\\nThe use of natural cooling sources (freecooling)","c":[{"i":1,"t":"Yes","n":28},{"i":2,"t":"No","n":28},{"i":3,"t":"I don't know","n":28}]},"28":{"a":1,"q":"Have you led or are you planning actions to optimize your infrastructure? Especially :\\nImplementation of a heat recovery system for computer rooms (heating)","c":[{"i":1,"t":"Yes","n":29},{"i":2,"t":"No","n":29},{"i":3,"t":"I don't know","n":29}]},"29":{"a":1,"q":"Have you led or are you planning actions to optimize your infrastructure? Especially :\\nThe set temperature in the cold corridor remains higher than 24 °","c":[{"i":1,"t":"Yes","n":30},{"i":2,"t":"No","n":30},{"i":3,"t":"I don't know","n":30}]},"30":{"a":1,"q":"Have you led or are you planning actions to optimize your infrastructure? Especially :\\n The choice of a modular datacenter architecture","c":[{"i":1,"t":"Yes","n":32},{"i":2,"t":"No","n":32},{"i":3,"t":"I don't know","n":32}]},"32":{"a":1,"q":"Have you led or are you planning actions to optimize your infrastructure? Especially :\\nSuspending network equipment","c":[{"i":1,"t":"Yes","n":33},{"i":2,"t":"No","n":33},{"i":3,"t":"I don't know","n":33}]},"33":{"a":1,"q":"Have you led or are you planning actions to optimize your infrastructure? Especially :\\nPooling physical equipment","c":[{"i":1,"t":"Yes","n":34},{"i":2,"t":"No","n":34},{"i":3,"t":"I don't know","n":34}]},"34":{"a":1,"q":"Have you led or are you planning actions to optimize your infrastructure? Especially :\\nUninstalling unnecessary infrastructure","c":[{"i":1,"t":"Yes","n":35},{"i":2,"t":"No","n":35},{"i":3,"t":"I don't know","n":35}]},"35":{"a":1,"q":"Have you led or are you planning actions to optimize your infrastructure? Especially :\\nTraceability of material elements (CMDB)","c":[{"i":1,"t":"Yes","n":36},{"i":2,"t":"No","n":36},{"i":3,"t":"I don't know","n":36}]},"36":{"a":1,"q":"Have you led or are you planning actions to optimize your infrastructure? Especially :\\nThe correct sizing of the servers in relation to their use","c":[{"i":1,"t":"Yes","n":37},{"i":2,"t":"No","n":37},{"i":3,"t":"I don't know","n":37}]},"37":{"a":1,"q":"Have you led or are you planning actions to optimize your infrastructure? Especially :\\nGive priority to ASHRAE 2 compatible equipment","c":[{"i":1,"t":"Yes","n":38},{"i":2,"t":"No","n":38},{"i":3,"t":"I don't know","n":38}]},"38":{"a":1,"q":"Have you led or are you planning actions to optimize your infrastructure? Especially :\\nA procedure for provisioning and de-provisioning data-processing equipment in datacenters","c":[{"i":1,"t":"Yes","n":39},{"i":2,"t":"No","n":39},{"i":3,"t":"I don't know","n":39}]},"39":{"a":1,"q":"Do you know the number of physical servers and virtual servers in your company?","c":[{"i":1,"t":"Yes","n":40},{"i":2,"t":"No","n":42},{"i":3,"t":"I do not want to answer","n":42}]},"40":{"a":2,"n":41,"q":"How many physical servers do you have?"},"41":{"a":2,"n":42,"q":"How many virtual servers do you have?"},"42":{"a":3,"n":43,"q":"What will be the evolution of your number of physical servers for 2019?","c":[{"i":1,"t":"In %:","f":true},{"i":2,"t":"In quantity","f":true},{"i":3,"t":"I don't know","f":false},{"i":4,"t":"I do not want to answer","f":false}]},"43":{"a":3,"n":44,"q":"What will be the evolution of your number of virtual servers for 2019?","c":[{"i":1,"t":"In %:","f":true},{"i":2,"t":"In quantity","f":true},{"i":3,"t":"I don't know","f":false},{"i":4,"t":"I do not want to answer","f":false}]},"44":{"a":1,"q":"Has your company appointed a Green IT Manager / Digital Manager?","c":[{"i":1,"t":"Yes","n":45},{"i":2,"t":"No","n":45},{"i":3,"t":"I don't know","n":45}]},"45":{"a":1,"q":"Do you have a responsible digital strategy broken down into an action plan?","c":[{"i":1,"t":"Yes","n":46},{"i":2,"t":"No","n":46},{"i":3,"t":"I don't know","n":46}]},"46":{"a":1,"q":"Is Green IT a topic integrated into your CSR strategy?","c":[{"i":1,"t":"Yes","n":47},{"i":2,"t":"No","n":47},{"i":3,"t":"I don't know","n":47}]},"47":{"a":1,"q":"Do you regularly evaluate the environmental impacts of your information system?","c":[{"i":1,"t":"Yes partially, including only equipment present in the company","n":48},{"i":2,"t":"Yes totally, including our internal equipment and services hosted by third parties","n":48},{"i":3,"t":"No","n":48},{"i":4,"t":"I don't know","n":48}]},"48":{"a":1,"q":"Do you have a team of competent referees on the topics of Green IT?","c":[{"i":1,"t":"Yes","n":49},{"i":2,"t":"No","n":49},{"i":3,"t":"I don't know","n":49}]},"49":{"a":1,"q":"Have you integrated Green IT into your business strategy","c":[{"i":1,"t":"Yes","n":51},{"i":2,"t":"No","n":51},{"i":3,"t":"I don't know","n":51}]},"51":{"a":1,"q":"Do you have those equipments in your compagny:\\nFixed stations, workstations","c":[{"i":1,"t":"Used\\nEquipment used in the business activity","n":52},{"i":2,"t":"Not used functional\\nEquipment in working order but no more used by the company (stored)","n":52},{"i":3,"t":"Neither used nor functional\\nOut of service equipment (HS) waiting for end of life treatment","n":52}]},"52":{"a":1,"q":"Do you have those equipments in your compagny:\\nLaptops, digital tablets","c":[{"i": 1,"t": "Used","n": 53},{"i":2,"t":"Not used functional","n":53},{"i":3,"t":"Neither used nor functional","n":53}]},"53":{"a":1,"q":"Do you have those equipments in your compagny:\\n Small printers (<15kg, potentially used by a household)","c":[{"i":1,"t":"Used","n":54},{"i":2,"t":"Not used functional","n":54},{"i":3,"t":"Neither used nor functional","n":54}]},"54":{"a":1,"q":"Do you have those equipments in your compagny:\\nFlat screen monitors","c":[{"i":1,"t":"Used","n":55},{"i":2,"t":"Not used functional","n":55},{"i":3,"t":"Neither used nor functional","n":55}]},"55":{"a":1,"q":"Do you have those equipments in your compagny:\\nOther flat screens (TV, projection screen, digital board ...)","c":[{"i":1,"t":"Used","n":56},{"i":2,"t":"Not used functional","n":56},{"i":3,"t":"Neither used nor functional","n":56}]},"56":{"a":1,"q":"Do you have those equipments in your compagny:\\nCRT monitors (monitors or other)","c":[{"i":1,"t":"Used","n":57},{"i":2,"t":"Not used functional","n":57},{"i":3,"t":"Neither used nor functional","n":57}]},"57":{"a":1,"q":"Do you have those equipments in your compagny:\\nVideo projectors","c":[{"i":1,"t":"Used","n":58},{"i":2,"t":"Not used functional","n":58},{"i":3,"t":"Neither used nor functional","n":58}]},"58":{"a":1,"q":"Do you have those equipments in your compagny:\\nMobile phones","c":[{"i":1,"t":"Used","n":59},{"i":2,"t":"Not used functional","n":59},{"i":3,"t":"Neither used nor functional","n":59}]},"59":{"a":1,"q":"Do you have those equipments in your compagny:\\nFixed telephones (standalone not connected to such a standard)","c":[{"i":1,"t":"Used","n":60},{"i":2,"t":"Not used functional","n":60},{"i":3,"t":"Neither used nor functional","n":60}]},"60":{"a":1,"q":"Do you have those equipments in your compagny:\\nDigital cameras","c":[{"i":1,"t":"Used","n":61},{"i":2,"t":"Not used functional","n":61},{"i":3,"t":"Neither used nor functional","n":61}]},"61":{"a":1,"q":"Do you have those equipments in your compagny:\\nHard Disk Devices, Storage, Backup","c":[{"i":1,"t":"Used","n":62},{"i":2,"t":"Not used functional","n":62},{"i":3,"t":"Neither used nor functional","n":62}]},"62":{"a":1,"q":"Do you have other devices in your company?\\nKeyboards, mouse, graphic tablets, scanners, microphones, speakers, office equipment ...","c":[{"i":1,"t":"Yes","n":64},{"i":2,"t":"No","n":64}]},"64":{"a":1,"q":"Regarding other devices, do you have in your company:\\nKeyboards","c":[{"i":1,"t":"Used","n":65},{"i":2,"t":"Not used functional","n":65},{"i":3,"t":"Neither used nor functional","n":65}]},"65":{"a":1,"q":"Regarding other devices, do you have in your company:\\nMouse","c":[{"i":1,"t":"Used","n":66},{"i":2,"t":"Not used functional","n":66},{"i":3,"t":"Neither used nor functional","n":66}]},"66":{"a":1,"q":"Regarding other devices, do you have in your company:\\nGraphic tablets","c":[{"i":1,"t":"Used","n":67},{"i":2,"t":"Not used functional","n":67},{"i":3,"t":"Neither used nor functional","n":67}]},"67":{"a":1,"q":"Regarding other devices, do you have in your company:\\nScanners","c":[{"i":1,"t":"Used","n":68},{"i":2,"t":"Not used functional","n":68},{"i":3,"t":"Neither used nor functional","n":68}]},"68":{"a":1,"q":"Regarding other devices, do you have in your company:\\nSpeakers","c":[{"i":1,"t":"Used","n":69},{"i":2,"t":"Not used functional","n":69},{"i":3,"t":"Neither used nor functional","n":69}]},"69":{"a":1,"q":"Regarding other devices, do you have in your company:\\nOffice automation","c":[{"i":1,"t":"Used","n":70},{"i":2,"t":"Not used functional","n":70},{"i":3,"t":"Neither used nor functional","n":70}]},"70":{"a":3,"n":71,"q":"Do you know the consumption of your workstation in kWh per year?","c":[{"i":1,"t":"Yes\\nPlease specify how much in kWh / year:","f":true},{"i":2,"t":"No","f":false}]},"71":{"a":1,"q":"Do you track the energy consumption of your compagny activities?","c":[{"i":1,"t":"Yes","n":72},{"i":2,"t":"No","n":72},{"i":3,"t":"I don't know","n":72}]},"72":{"a":3,"n":73,"q":"Do you know the share of IT and IT equipment in your company's total energy consumption?","c":[{"i":1,"t":"Yes\\nPlease specify how much in %:","f":true},{"i":2,"t":"No","f":false}]},"73":{"a":1,"q":"Have you set up a power management system? (automatic shutdown / shutdown of workstations)","c":[{"i":1,"t":"Yes","n":74},{"i":2,"t":"No","n":74},{"i":3,"t":"I don't know","n":74}]},"74":{"a":1,"q":"Do you use copiers from a repackaging industry (second-hand / second-hand)?","c":[{"i":1,"t":"Yes","n":75},{"i":2,"t":"No","n":75},{"i":3,"t":"I don't know","n":75}]},"75":{"a":1,"q":"Do you consolidate individual printers to shared printers?","c":[{"i":1,"t":"Yes","n":76},{"i":2,"t":"No","n":76},{"i":3,"t":"I don't know","n":76}]},"76":{"a":1,"q":"Have you set up an identification system on printers (to trigger printing)?","c":[{"i":1,"t":"Yes","n":77},{"i":2,"t":"No","n":77},{"i":3,"t":"I don't know","n":77}]},"77":{"a":3,"n":79,"q":"What is the average life of your professional copier / Multi Fonction Printer?","c":[{"i":1,"t":"I do not know","f":false},{"i":2,"t":"Do not want to answer","f":false},{"i":3,"t":"Years :","f":true}]},"79":{"a":1,"q":"Are your printers set by default in eco mode?\\nEnergy saving (Automatic standby)","c":[{"i":1,"t":"Used","n":80},{"i":2,"t":"Not used functional","n":80},{"i":3,"t":"Neither used nor functional","n":80}]},"80":{"a":1,"q":"Are your printers set by default in eco mode?\\nBlack and white by default","c":[{"i":1,"t":"Used","n":81},{"i":2,"t":"Not used functional","n":81},{"i":3,"t":"Neither used nor functional","n":81}]},"81":{"a":1,"q":"Are your printers set by default in eco mode?\\nDefault duplex","c":[{"i":1,"t":"Used","n":82},{"i":2,"t":"Not used functional","n":82},{"i":3,"t":"Neither used nor functional","n":82}]},"82":{"a":1,"q":"Are your printers set by default in eco mode?\\nDefault draft mode","c":[{"i":1,"t":"Used","n":83},{"i":2,"t":"Not used functional","n":83},{"i":3,"t":"Neither used nor functional","n":83}]},"83":{"a":1,"q":"What is the number of pages printed / day / employee? (A4 equivalent)","c":[{"i":1,"t":"Less than 10","n":84},{"i":2,"t":"From 10 to 20","n":84},{"i":3,"t":"From 20 to 30","n":84},{"i":4,"t":"More than 30","n":84},{"i":5,"t":"I don't know","n":84}]},"84":{"a":5,"n":85,"q":"Can you specify the number of cartridges / toners:","c":[{"i":1,"t":"Cartridges used a year"},{"i":2,"t":"Cartridges stored in the average business"},{"i":3,"t":"Toners used a year"},{"i":4,"t":"Toners stored in the average business"}]},"85":{"a":1,"q":"Do you organize the separate collection of waste cartridges / toners?","c":[{"i":1,"t":"Yes, to a repackaging industry","n":86},{"i":2,"t":"Yes, towards a recycling channel (destruction)","n":86},{"i":3,"t":"No, no separate collection device is planned","n":86}]},"86":{"a":1,"q":"Do you prefer the use of recycled paper?","c":[{"i":1,"t":"Yes, our paper is made from virgin paste","n":87},{"i":2,"t":"Yes, mixed paper","n":87},{"i":3,"t":"Yes, 100% recycled","n":87},{"i":4,"t":"I'm not paying attention","n":87}]},"87":{"a":6,"n":88,"q":"Do you prefer the use of recycled paper?","c":[{"i":1,"t":"Yes, FSC","f":false},{"i":2,"t":"Yes, PEFC","f":false},{"i":3,"t":"Yes, Blue Angel","f":false},{"i":4,"t":"Yes, European Label","f":false},{"i":5,"t":"Yes, other :","f":true},{"i":6,"t":"I'm not paying attention","f":false}]},"88":{"a":1,"q":"Do you prefer the use of recycled paper?","c":[{"i":1,"t":"Yes","n":null},{"i":2,"t":"No","n":null},{"i":3,"t":"I don't know","n":null}]}}