{"1":{"answer_type":1,"question_name":"In which sector of activity is your company active? (linked with your APE code)","choices":[{"id_choice":1,"choice_text":"Industry","next_question_id":2},{"id_choice":2,"choice_text":"Business","next_question_id":2},{"id_choice":3,"choice_text":"Information and communication","next_question_id":2},{"id_choice":4,"choice_text":"Other services activity","next_question_id":2},{"id_choice":5,"choice_text":"All other activities (financial, agricultural activities ...)","next_question_id":2},{"id_choice":6,"choice_text":"Construction","next_question_id":2},{"id_choice":7,"choice_text":"Public sector","next_question_id":2},{"id_choice":8,"choice_text":"Specialized, Scientific and Technical or Administrative and Support Services Activities","next_question_id":2},{"id_choice":9,"choice_text":"Real estate","next_question_id":2}]},"2":{"answer_type":1,"question_name":"What is the number of employees in your company on 18/12/31 ?","choices":[{"id_choice":1,"choice_text":"0","next_question_id":3},{"id_choice":2,"choice_text":"1 to 2","next_question_id":3},{"id_choice":3,"choice_text":"3 to 9","next_question_id":3},{"id_choice":4,"choice_text":"10 to 49","next_question_id":3},{"id_choice":5,"choice_text":"50 to 249","next_question_id":3},{"id_choice":6,"choice_text":"250 to 4999","next_question_id":3},{"id_choice":7,"choice_text":"More than 5000","next_question_id":3}]},"3":{"answer_type":1,"question_name":"What is the turnover of your company in the last fiscal year? (or annual budget for Public sector)","choices":[{"id_choice":1,"choice_text":"0 to 100K €","next_question_id":4},{"id_choice":2,"choice_text":"100K to 500K €","next_question_id":4},{"id_choice":3,"choice_text":"500K to 2M €","next_question_id":4},{"id_choice":4,"choice_text":"2M to 10M€","next_question_id":4},{"id_choice":5,"choice_text":"10M to 50M €","next_question_id":4},{"id_choice":6,"choice_text":"More than 50M €","next_question_id":4}]},"4":{"answer_type":1,"question_name":"Do you develop digital services for internal or external use (sales to customers)?","choices":[{"id_choice":1,"choice_text":"Yes","next_question_id":5},{"id_choice":2,"choice_text":"No","next_question_id":12}]},"5":{"answer_type":2,"next_question_id":6,"question_name":"What is the number of users of your digital services?"},"6":{"answer_type":1,"question_name":"Ecoconception good practices:\\n Do you apply the rules and best practices for digital accessibility?","choices":[{"id_choice":1,"choice_text":"Yes","next_question_id":7},{"id_choice":2,"choice_text":"No","next_question_id":7},{"id_choice":3,"choice_text":"I don't know","next_question_id":7}]},"7":{"answer_type":1,"question_name":"Ecoconception good practices:\\nHave you optimized the states and printouts in your application tools (reduced number of pages when printing, ink consumption ...)","choices":[{"id_choice":1,"choice_text":"Yes","next_question_id":8},{"id_choice":2,"choice_text":"No","next_question_id":8},{"id_choice":3,"choice_text":"I don't know","next_question_id":8}]},"8":{"answer_type":1,"question_name":"Ecoconception good practices:\\nDo you integrate the principles of the ecodesign of digital services?","choices":[{"id_choice":1,"choice_text":"Yes","next_question_id":9},{"id_choice":2,"choice_text":"No","next_question_id":9},{"id_choice":3,"choice_text":"I don't know","next_question_id":9}]},"9":{"answer_type":1,"question_name":"Ecoconception good practices:\\nDo you use a modular application architecture?","choices":[{"id_choice":1,"choice_text":"Yes","next_question_id":10},{"id_choice":2,"choice_text":"No","next_question_id":10},{"id_choice":3,"choice_text":"I don't know","next_question_id":10}]},"10":{"answer_type":1,"question_name":"Ecoconception good practices:\\nDo you do a design review at the end of your application's development?","choices":[{"id_choice":1,"choice_text":"Yes","next_question_id":11},{"id_choice":2,"choice_text":"No","next_question_id":11},{"id_choice":3,"choice_text":"I don't know","next_question_id":11}]},"11":{"answer_type":3,"next_question_id":12,"question_name":"What is the overall storage volume of your corporate data (centralized on external hard drives, centralized server, NAS, SAN ...) in Terabytes (TB) useful?","choices":[{"id_choice":1,"choice_text":"In TB:","is_text_field":true},{"id_choice":2,"choice_text":"I don't know","is_text_field":false},{"id_choice":3,"choice_text":"I do not want to answer","is_text_field":false}]},"12":{"answer_type":1,"question_name":"Do you have a server or do you only work with one or more workstations?","choices":[{"id_choice":1,"choice_text":"We work with workstation (s), without centralized physical server","next_question_id":51},{"id_choice":2,"choice_text":"We have (at least) a centralized physical server","next_question_id":13}]},"13":{"answer_type":1,"question_name":"Do you have a dedicated room, simple room or cupboard with bay dedicated to your IT infrastructure?","choices":[{"id_choice":1,"choice_text":"A closet or a room without any specific system","next_question_id":32},{"id_choice":2,"choice_text":"A dedicated room","next_question_id":14}]},"14":{"answer_type":1,"question_name":"Is your computer room in house or at a host?","choices":[{"id_choice":1,"choice_text":"Internal","next_question_id":15},{"id_choice":2,"choice_text":"Host Member of the European Code of Conduct for Datacenters","next_question_id":15},{"id_choice":3,"choice_text":"Non-adhering Host of the European Code of Conduct for Data Centers","next_question_id":15}]},"15":{"answer_type":3,"next_question_id":16,"question_name":"What is the total area of your computer rooms (excluding technical infrastructure)? ","choices":[{"id_choice":1,"choice_text":"In m²:","is_text_field":true},{"id_choice":2,"choice_text":"I don't know","is_text_field":false},{"id_choice":3,"choice_text":"I do not want to answer","is_text_field":false}]},"16":{"answer_type":1,"question_name":"Do you know the Power Usage Effectiveness of your Data Center?","choices":[{"id_choice":1,"choice_text":"Less than 1,6","next_question_id":17},{"id_choice":2,"choice_text":"Between 1,6 and 2,1","next_question_id":17},{"id_choice":3,"choice_text":"More than 2,1 ","next_question_id":17},{"id_choice":4,"choice_text":"I don't know","next_question_id":17}]},"17":{"answer_type":1,"question_name":"What is the rate of charge or energy use of your computer rooms?\\nRate = Electrical power absorbed by your IT equipment, divided by room capacity in kW, then multiplied by 100 (used energy / available energy)","choices":[{"id_choice":1,"choice_text":"100% - 90% ","next_question_id":19},{"id_choice":2,"choice_text":"90% - 60%","next_question_id":19},{"id_choice":3,"choice_text":"Less than 60%","next_question_id":19},{"id_choice":4,"choice_text":"I don't know","next_question_id":19}]},"19":{"answer_type":1,"question_name":"Have you led or are you planning actions to optimize your infrastructure? Especially :\\nThe purchase of non-IT equipment from IT rooms (air conditioning, air treatment, inverters, etc.) according to energy efficiency criteria","choices":[{"id_choice":1,"choice_text":"Yes","next_question_id":20},{"id_choice":2,"choice_text":"No","next_question_id":20},{"id_choice":3,"choice_text":"I don't know","next_question_id":20}]},"20":{"answer_type":1,"question_name":"Have you led or are you planning actions to optimize your infrastructure? Especially :\\nImplementing the good practices of the \\"European Code of Conduct for DataCenter\\"?","choices":[{"id_choice":1,"choice_text":"Yes","next_question_id":21},{"id_choice":2,"choice_text":"No","next_question_id":21},{"id_choice":3,"choice_text":"I don't know","next_question_id":21}]},"21":{"answer_type":1,"question_name":"Have you led or are you planning actions to optimize your infrastructure? Especially :\\nData center PUE tracking","choices":[{"id_choice":1,"choice_text":"Yes","next_question_id":22},{"id_choice":2,"choice_text":"No","next_question_id":22},{"id_choice":3,"choice_text":"I don't know","next_question_id":22}]},"22":{"answer_type":1,"question_name":"Have you led or are you planning actions to optimize your infrastructure? Especially :\\nRegular monitoring of environmental indicators of computer rooms","choices":[{"id_choice":1,"choice_text":"Yes","next_question_id":23},{"id_choice":2,"choice_text":"No","next_question_id":23},{"id_choice":3,"choice_text":"I don't know","next_question_id":23}]},"23":{"answer_type":1,"question_name":"Have you led or are you planning actions to optimize your infrastructure? Especially :\\nEnvironmental impact analysis of the datacenter in life cycle approach","choices":[{"id_choice":1,"choice_text":"Yes","next_question_id":24},{"id_choice":2,"choice_text":"No","next_question_id":24},{"id_choice":3,"choice_text":"I don't know","next_question_id":24}]},"24":{"answer_type":1,"question_name":"Have you led or are you planning actions to optimize your infrastructure? Especially :\\nOptimizing the architecture and layout of room","choices":[{"id_choice":1,"choice_text":"Yes","next_question_id":25},{"id_choice":2,"choice_text":"No","next_question_id":25},{"id_choice":3,"choice_text":"I don't know","next_question_id":25}]},"25":{"answer_type":1,"question_name":"Have you led or are you planning actions to optimize your infrastructure? Especially :\\nThe urbanization of halls in hot / cold aisles","choices":[{"id_choice":1,"choice_text":"Yes","next_question_id":26},{"id_choice":2,"choice_text":"No","next_question_id":26},{"id_choice":3,"choice_text":"I don't know","next_question_id":26}]},"26":{"answer_type":1,"question_name":"Have you led or are you planning actions to optimize your infrastructure? Especially :\\nContainment of air flows (corridors)","choices":[{"id_choice":1,"choice_text":"Yes","next_question_id":27},{"id_choice":2,"choice_text":"No","next_question_id":27},{"id_choice":3,"choice_text":"I don't know","next_question_id":27}]},"27":{"answer_type":1,"question_name":"Have you led or are you planning actions to optimize your infrastructure? Especially :\\nThe use of natural cooling sources (freecooling)","choices":[{"id_choice":1,"choice_text":"Yes","next_question_id":28},{"id_choice":2,"choice_text":"No","next_question_id":28},{"id_choice":3,"choice_text":"I don't know","next_question_id":28}]},"28":{"answer_type":1,"question_name":"Have you led or are you planning actions to optimize your infrastructure? Especially :\\nImplementation of a heat recovery system for computer rooms (heating)","choices":[{"id_choice":1,"choice_text":"Yes","next_question_id":29},{"id_choice":2,"choice_text":"No","next_question_id":29},{"id_choice":3,"choice_text":"I don't know","next_question_id":29}]},"29":{"answer_type":1,"question_name":"Have you led or are you planning actions to optimize your infrastructure? Especially :\\nThe set temperature in the cold corridor remains higher than 24 °","choices":[{"id_choice":1,"choice_text":"Yes","next_question_id":30},{"id_choice":2,"choice_text":"No","next_question_id":30},{"id_choice":3,"choice_text":"I don't know","next_question_id":30}]},"30":{"answer_type":1,"question_name":"Have you led or are you planning actions to optimize your infrastructure? Especially :\\n The choice of a modular datacenter architecture","choices":[{"id_choice":1,"choice_text":"Yes","next_question_id":32},{"id_choice":2,"choice_text":"No","next_question_id":32},{"id_choice":3,"choice_text":"I don't know","next_question_id":32}]},"32":{"answer_type":1,"question_name":"Have you led or are you planning actions to optimize your infrastructure? Especially :\\nSuspending network equipment","choices":[{"id_choice":1,"choice_text":"Yes","next_question_id":33},{"id_choice":2,"choice_text":"No","next_question_id":33},{"id_choice":3,"choice_text":"I don't know","next_question_id":33}]},"33":{"answer_type":1,"question_name":"Have you led or are you planning actions to optimize your infrastructure? Especially :\\nPooling physical equipment","choices":[{"id_choice":1,"choice_text":"Yes","next_question_id":34},{"id_choice":2,"choice_text":"No","next_question_id":34},{"id_choice":3,"choice_text":"I don't know","next_question_id":34}]},"34":{"answer_type":1,"question_name":"Have you led or are you planning actions to optimize your infrastructure? Especially :\\nUninstalling unnecessary infrastructure","choices":[{"id_choice":1,"choice_text":"Yes","next_question_id":35},{"id_choice":2,"choice_text":"No","next_question_id":35},{"id_choice":3,"choice_text":"I don't know","next_question_id":35}]},"35":{"answer_type":1,"question_name":"Have you led or are you planning actions to optimize your infrastructure? Especially :\\nTraceability of material elements (CMDB)","choices":[{"id_choice":1,"choice_text":"Yes","next_question_id":36},{"id_choice":2,"choice_text":"No","next_question_id":36},{"id_choice":3,"choice_text":"I don't know","next_question_id":36}]},"36":{"answer_type":1,"question_name":"Have you led or are you planning actions to optimize your infrastructure? Especially :\\nThe correct sizing of the servers in relation to their use","choices":[{"id_choice":1,"choice_text":"Yes","next_question_id":37},{"id_choice":2,"choice_text":"No","next_question_id":37},{"id_choice":3,"choice_text":"I don't know","next_question_id":37}]},"37":{"answer_type":1,"question_name":"Have you led or are you planning actions to optimize your infrastructure? Especially :\\nGive priority to ASHRAE 2 compatible equipment","choices":[{"id_choice":1,"choice_text":"Yes","next_question_id":38},{"id_choice":2,"choice_text":"No","next_question_id":38},{"id_choice":3,"choice_text":"I don't know","next_question_id":38}]},"38":{"answer_type":1,"question_name":"Have you led or are you planning actions to optimize your infrastructure? Especially :\\nA procedure for provisioning and de-provisioning data-processing equipment in datacenters","choices":[{"id_choice":1,"choice_text":"Yes","next_question_id":39},{"id_choice":2,"choice_text":"No","next_question_id":39},{"id_choice":3,"choice_text":"I don't know","next_question_id":39}]},"39":{"answer_type":1,"question_name":"Do you know the number of physical servers and virtual servers in your company?","choices":[{"id_choice":1,"choice_text":"Yes","next_question_id":40},{"id_choice":2,"choice_text":"No","next_question_id":42},{"id_choice":3,"choice_text":"I do not want to answer","next_question_id":42}]},"40":{"answer_type":2,"next_question_id":41,"question_name":"How many physical servers do you have?"},"41":{"answer_type":2,"next_question_id":42,"question_name":"How many virtual servers do you have?"},"42":{"answer_type":3,"next_question_id":43,"question_name":"What will be the evolution of your number of physical servers for 2019?","choices":[{"id_choice":1,"choice_text":"In %:","is_text_field":true},{"id_choice":2,"choice_text":"In quantity","is_text_field":true},{"id_choice":3,"choice_text":"I don't know","is_text_field":false},{"id_choice":4,"choice_text":"I do not want to answer","is_text_field":false}]},"43":{"answer_type":3,"next_question_id":44,"question_name":"What will be the evolution of your number of virtual servers for 2019?","choices":[{"id_choice":1,"choice_text":"In %:","is_text_field":true},{"id_choice":2,"choice_text":"In quantity","is_text_field":true},{"id_choice":3,"choice_text":"I don't know","is_text_field":false},{"id_choice":4,"choice_text":"I do not want to answer","is_text_field":false}]},"44":{"answer_type":1,"question_name":"Has your company appointed a Green IT Manager / Digital Manager?","choices":[{"id_choice":1,"choice_text":"Yes","next_question_id":45},{"id_choice":2,"choice_text":"No","next_question_id":45},{"id_choice":3,"choice_text":"I don't know","next_question_id":45}]},"45":{"answer_type":1,"question_name":"Do you have a responsible digital strategy broken down into an action plan?","choices":[{"id_choice":1,"choice_text":"Yes","next_question_id":46},{"id_choice":2,"choice_text":"No","next_question_id":46},{"id_choice":3,"choice_text":"I don't know","next_question_id":46}]},"46":{"answer_type":1,"question_name":"Is Green IT a topic integrated into your CSR strategy?","choices":[{"id_choice":1,"choice_text":"Yes","next_question_id":47},{"id_choice":2,"choice_text":"No","next_question_id":47},{"id_choice":3,"choice_text":"I don't know","next_question_id":47}]},"47":{"answer_type":1,"question_name":"Do you regularly evaluate the environmental impacts of your information system?","choices":[{"id_choice":1,"choice_text":"Yes partially, including only equipment present in the company","next_question_id":48},{"id_choice":2,"choice_text":"Yes totally, including our internal equipment and services hosted by third parties","next_question_id":48},{"id_choice":3,"choice_text":"No","next_question_id":48},{"id_choice":4,"choice_text":"I don't know","next_question_id":48}]},"48":{"answer_type":1,"question_name":"Do you have a team of competent referees on the topics of Green IT?","choices":[{"id_choice":1,"choice_text":"Yes","next_question_id":49},{"id_choice":2,"choice_text":"No","next_question_id":49},{"id_choice":3,"choice_text":"I don't know","next_question_id":49}]},"49":{"answer_type":1,"question_name":"Have you integrated Green IT into your business strategy","choices":[{"id_choice":1,"choice_text":"Yes","next_question_id":51},{"id_choice":2,"choice_text":"No","next_question_id":51},{"id_choice":3,"choice_text":"I don't know","next_question_id":51}]},"51":{"answer_type":1,"question_name":"Do you have those equipments in your compagny:\\nFixed stations, workstations","choices":[{"id_choice":1,"choice_text":"Used\\nEquipment used in the business activity","next_question_id":52},{"id_choice":2,"choice_text":"Not used functional\\nEquipment in working order but no more used by the company (stored)","next_question_id":52},{"id_choice":3,"choice_text":"Neither used nor functional\\nOut of service equipment (HS) waiting for end of life treatment","next_question_id":52}]},"53":{"answer_type":1,"question_name":"Do you have those equipments in your compagny:\\n Small printers (<15kg, potentially used by a household)","choices":[{"id_choice":1,"choice_text":"Used","next_question_id":54},{"id_choice":2,"choice_text":"Not used functional","next_question_id":54},{"id_choice":3,"choice_text":"Neither used nor functional","next_question_id":54}]},"54":{"answer_type":1,"question_name":"Do you have those equipments in your compagny:\\nFlat screen monitors","choices":[{"id_choice":1,"choice_text":"Used","next_question_id":55},{"id_choice":2,"choice_text":"Not used functional","next_question_id":55},{"id_choice":3,"choice_text":"Neither used nor functional","next_question_id":55}]},"55":{"answer_type":1,"question_name":"Do you have those equipments in your compagny:\\nOther flat screens (TV, projection screen, digital board ...)","choices":[{"id_choice":1,"choice_text":"Used","next_question_id":56},{"id_choice":2,"choice_text":"Not used functional","next_question_id":56},{"id_choice":3,"choice_text":"Neither used nor functional","next_question_id":56}]},"56":{"answer_type":1,"question_name":"Do you have those equipments in your compagny:\\nCRT monitors (monitors or other)","choices":[{"id_choice":1,"choice_text":"Used","next_question_id":57},{"id_choice":2,"choice_text":"Not used functional","next_question_id":57},{"id_choice":3,"choice_text":"Neither used nor functional","next_question_id":57}]},"57":{"answer_type":1,"question_name":"Do you have those equipments in your compagny:\\nVideo projectors","choices":[{"id_choice":1,"choice_text":"Used","next_question_id":58},{"id_choice":2,"choice_text":"Not used functional","next_question_id":58},{"id_choice":3,"choice_text":"Neither used nor functional","next_question_id":58}]},"58":{"answer_type":1,"question_name":"Do you have those equipments in your compagny:\\nMobile phones","choices":[{"id_choice":1,"choice_text":"Used","next_question_id":59},{"id_choice":2,"choice_text":"Not used functional","next_question_id":59},{"id_choice":3,"choice_text":"Neither used nor functional","next_question_id":59}]},"59":{"answer_type":1,"question_name":"Do you have those equipments in your compagny:\\nFixed telephones (standalone not connected to such a standard)","choices":[{"id_choice":1,"choice_text":"Used","next_question_id":60},{"id_choice":2,"choice_text":"Not used functional","next_question_id":60},{"id_choice":3,"choice_text":"Neither used nor functional","next_question_id":60}]},"60":{"answer_type":1,"question_name":"Do you have those equipments in your compagny:\\nDigital cameras","choices":[{"id_choice":1,"choice_text":"Used","next_question_id":61},{"id_choice":2,"choice_text":"Not used functional","next_question_id":61},{"id_choice":3,"choice_text":"Neither used nor functional","next_question_id":61}]},"61":{"answer_type":1,"question_name":"Do you have those equipments in your compagny:\\nHard Disk Devices, Storage, Backup","choices":[{"id_choice":1,"choice_text":"Used","next_question_id":62},{"id_choice":2,"choice_text":"Not used functional","next_question_id":62},{"id_choice":3,"choice_text":"Neither used nor functional","next_question_id":62}]},"62":{"answer_type":1,"question_name":"Do you have other devices in your company?\\nKeyboards, mouse, graphic tablets, scanners, microphones, speakers, office equipment ...","choices":[{"id_choice":1,"choice_text":"Yes","next_question_id":64},{"id_choice":2,"choice_text":"No","next_question_id":64}]},"64":{"answer_type":1,"question_name":"Regarding other devices, do you have in your company:\\nKeyboards","choices":[{"id_choice":1,"choice_text":"Used","next_question_id":65},{"id_choice":2,"choice_text":"Not used functional","next_question_id":65},{"id_choice":3,"choice_text":"Neither used nor functional","next_question_id":65}]},"65":{"answer_type":1,"question_name":"Regarding other devices, do you have in your company:\\nMouse","choices":[{"id_choice":1,"choice_text":"Used","next_question_id":66},{"id_choice":2,"choice_text":"Not used functional","next_question_id":66},{"id_choice":3,"choice_text":"Neither used nor functional","next_question_id":66}]},"66":{"answer_type":1,"question_name":"Regarding other devices, do you have in your company:\\nGraphic tablets","choices":[{"id_choice":1,"choice_text":"Used","next_question_id":67},{"id_choice":2,"choice_text":"Not used functional","next_question_id":67},{"id_choice":3,"choice_text":"Neither used nor functional","next_question_id":67}]},"67":{"answer_type":1,"question_name":"Regarding other devices, do you have in your company:\\nScanners","choices":[{"id_choice":1,"choice_text":"Used","next_question_id":68},{"id_choice":2,"choice_text":"Not used functional","next_question_id":68},{"id_choice":3,"choice_text":"Neither used nor functional","next_question_id":68}]},"68":{"answer_type":1,"question_name":"Regarding other devices, do you have in your company:\\nSpeakers","choices":[{"id_choice":1,"choice_text":"Used","next_question_id":69},{"id_choice":2,"choice_text":"Not used functional","next_question_id":69},{"id_choice":3,"choice_text":"Neither used nor functional","next_question_id":69}]},"69":{"answer_type":1,"question_name":"Regarding other devices, do you have in your company:\\nOffice automation","choices":[{"id_choice":1,"choice_text":"Used","next_question_id":70},{"id_choice":2,"choice_text":"Not used functional","next_question_id":70},{"id_choice":3,"choice_text":"Neither used nor functional","next_question_id":70}]},"70":{"answer_type":3,"next_question_id":71,"question_name":"Do you know the consumption of your workstation in kWh per year?","choices":[{"id_choice":1,"choice_text":"Yes\\nPlease specify how much in kWh / year:","is_text_field":true},{"id_choice":2,"choice_text":"No","is_text_field":false}]},"71":{"answer_type":1,"question_name":"Do you track the energy consumption of your compagny activities?","choices":[{"id_choice":1,"choice_text":"Yes","next_question_id":72},{"id_choice":2,"choice_text":"No","next_question_id":72},{"id_choice":3,"choice_text":"I don't know","next_question_id":72}]},"72":{"answer_type":3,"next_question_id":73,"question_name":"Do you know the share of IT and IT equipment in your company's total energy consumption?","choices":[{"id_choice":1,"choice_text":"Yes\\nPlease specify how much in %:","is_text_field":true},{"id_choice":2,"choice_text":"No","is_text_field":false}]},"73":{"answer_type":1,"question_name":"Have you set up a power management system? (automatic shutdown / shutdown of workstations)","choices":[{"id_choice":1,"choice_text":"Yes","next_question_id":74},{"id_choice":2,"choice_text":"No","next_question_id":74},{"id_choice":3,"choice_text":"I don't know","next_question_id":74}]},"74":{"answer_type":1,"question_name":"Do you use copiers from a repackaging industry (second-hand / second-hand)?","choices":[{"id_choice":1,"choice_text":"Yes","next_question_id":75},{"id_choice":2,"choice_text":"No","next_question_id":75},{"id_choice":3,"choice_text":"I don't know","next_question_id":75}]},"75":{"answer_type":1,"question_name":"Do you consolidate individual printers to shared printers?","choices":[{"id_choice":1,"choice_text":"Yes","next_question_id":76},{"id_choice":2,"choice_text":"No","next_question_id":76},{"id_choice":3,"choice_text":"I don't know","next_question_id":76}]},"76":{"answer_type":1,"question_name":"Have you set up an identification system on printers (to trigger printing)?","choices":[{"id_choice":1,"choice_text":"Yes","next_question_id":77},{"id_choice":2,"choice_text":"No","next_question_id":77},{"id_choice":3,"choice_text":"I don't know","next_question_id":77}]},"77":{"answer_type":3,"next_question_id":79,"question_name":"What is the average life of your professional copier / Multi Fonction Printer?","choices":[{"id_choice":1,"choice_text":"I do not know","is_text_field":false},{"id_choice":2,"choice_text":"Do not want to answer","is_text_field":false},{"id_choice":3,"choice_text":"Years :","is_text_field":true}]},"79":{"answer_type":1,"question_name":"Are your printers set by default in eco mode?\\nEnergy saving (Automatic standby)","choices":[{"id_choice":1,"choice_text":"Used","next_question_id":80},{"id_choice":2,"choice_text":"Not used functional","next_question_id":80},{"id_choice":3,"choice_text":"Neither used nor functional","next_question_id":80}]},"80":{"answer_type":1,"question_name":"Are your printers set by default in eco mode?\\nBlack and white by default","choices":[{"id_choice":1,"choice_text":"Used","next_question_id":81},{"id_choice":2,"choice_text":"Not used functional","next_question_id":81},{"id_choice":3,"choice_text":"Neither used nor functional","next_question_id":81}]},"81":{"answer_type":1,"question_name":"Are your printers set by default in eco mode?\\nDefault duplex","choices":[{"id_choice":1,"choice_text":"Used","next_question_id":82},{"id_choice":2,"choice_text":"Not used functional","next_question_id":82},{"id_choice":3,"choice_text":"Neither used nor functional","next_question_id":82}]},"82":{"answer_type":1,"question_name":"Are your printers set by default in eco mode?\\nDefault draft mode","choices":[{"id_choice":1,"choice_text":"Used","next_question_id":83},{"id_choice":2,"choice_text":"Not used functional","next_question_id":83},{"id_choice":3,"choice_text":"Neither used nor functional","next_question_id":83}]},"83":{"answer_type":1,"question_name":"What is the number of pages printed / day / employee? (A4 equivalent)","choices":[{"id_choice":1,"choice_text":"Less than 10","next_question_id":84},{"id_choice":2,"choice_text":"From 10 to 20","next_question_id":84},{"id_choice":3,"choice_text":"From 20 to 30","next_question_id":84},{"id_choice":4,"choice_text":"More than 30","next_question_id":84},{"id_choice":5,"choice_text":"I don't know","next_question_id":84}]},"84":{"answer_type":5,"next_question_id":85,"question_name":"Can you specify the number of cartridges / toners:","choices":[{"id_choice":1,"choice_text":"Cartridges used a year"},{"id_choice":2,"choice_text":"Cartridges stored in the average business"},{"id_choice":3,"choice_text":"Toners used a year"},{"id_choice":4,"choice_text":"Toners stored in the average business"}]},"85":{"answer_type":1,"question_name":"Do you organize the separate collection of waste cartridges / toners?","choices":[{"id_choice":1,"choice_text":"Yes, to a repackaging industry","next_question_id":86},{"id_choice":2,"choice_text":"Yes, towards a recycling channel (destruction)","next_question_id":86},{"id_choice":3,"choice_text":"No, no separate collection device is planned","next_question_id":86}]},"86":{"answer_type":1,"question_name":"Do you prefer the use of recycled paper?","choices":[{"id_choice":1,"choice_text":"Yes, our paper is made from virgin paste","next_question_id":87},{"id_choice":2,"choice_text":"Yes, mixed paper","next_question_id":87},{"id_choice":3,"choice_text":"Yes, 100% recycled","next_question_id":87},{"id_choice":4,"choice_text":"I'm not paying attention","next_question_id":87}]},"87":{"answer_type":6,"next_question_id":88,"question_name":"Do you prefer the use of recycled paper?","choices":[{"id_choice":1,"choice_text":"Yes, FSC","is_text_field":false},{"id_choice":2,"choice_text":"Yes, PEFC","is_text_field":false},{"id_choice":3,"choice_text":"Yes, Blue Angel","is_text_field":false},{"id_choice":4,"choice_text":"Yes, European Label","is_text_field":false},{"id_choice":5,"choice_text":"Yes, other :","is_text_field":true},{"id_choice":6,"choice_text":"I'm not paying attention","is_text_field":false}]},"88":{"answer_type":1,"question_name":"Do you prefer the use of recycled paper?","choices":[{"id_choice":1,"choice_text":"Yes","next_question_id":null},{"id_choice":2,"choice_text":"No","next_question_id":null},{"id_choice":3,"choice_text":"I don't know","next_question_id":null}]}}