{"1":{"i":5},"2":{"i":7},"3":{"i":3},"4":{"i":2},"12":{"i":2},"13":{"i":1},"32":{"i":2},"33":{"i":2},"34":{"i":1},"35":{"i":1},"36":{"i":1},"37":{"i":1},"38":{"i":1},"39":{"i":2},"42":{"i":1,"t":"xsq"},"43":{"i":2,"t":"dsqdsqd"},"44":{"i":2},"45":{"i":1},"46":{"i":2},"47":{"i":3},"48":{"i":3},"49":{"i":3},"51":{"i":2},"52":{"i":1},"53":{"i":3},"54":{"i":1},"55":{"i":2},"56":{"i":2},"57":{"i":3},"58":{"i":2},"59":{"i":1},"60":{"i":2},"61":{"i":3},"62":{"i":1},"64":{"i":2},"65":{"i":1},"66":{"i":2},"67":{"i":3},"68":{"i":3},"69":{"i":1},"70":{"i":1,"t":"qdssqd"},"71":{"i":1},"72":{"i":1,"t":"dsqd"},"73":{"i":2},"74":{"i":2},"75":{"i":1},"76":{"i":2},"77":{"i":1,"t":null},"79":{"i":2},"80":{"i":1},"81":{"i":3},"82":{"i":1},"83":{"i":5},"84":{"a":[{"i":1,"t":""},{"i":2,"t":""},{"i":3,"t":""},{"i":4,"t":""}]},"85":{"i":2},"86":{"i":3},"token":{"i":"d0ym3g8dir"}}