{"1":{"i":9},"2":{"i":6},"3":{"i":5},"4":{"i":2},"12":{"i":1},"51":{"i":2},"52":{"i":3},"53":{"i":1},"54":{"i":2},"55":{"i":2},"56":{"i":3},"57":{"i":3},"58":{"i":3},"59":{"i":1},"60":{"i":2},"61":{"i":1},"62":{"i":2},"64":{"i":3},"65":{"i":2},"66":{"i":1},"67":{"i":3},"68":{"i":2},"69":{"i":1},"70":{"i":2,"t":null},"71":{"i":2},"72":{"i":2,"t":null},"73":{"i":2},"74":{"i":2},"75":{"i":1},"76":{"i":2},"77":{"i":2,"t":null},"79":{"i":2},"80":{"i":3},"81":{"i":1},"82":{"i":2},"83":{"i":4},"84":{"a":[{"i":1,"t":""},{"i":2,"t":""},{"i":3,"t":""},{"i":4,"t":""}]},"85":{"i":2},"86":{"i":3},"87":{"a":[{"i":3,"t":"Yes, Blue Angel"},{"i":4,"t":"Yes, European Label"}]},"token":{"i":"if8nyqvvuje"},"88":{"i":2}}